id,name,email,phone,address,city,postal_code
1,King Louvenia Bergstrom,YsgWflf@ihcbmLP.com,+736107215849,8801 Rosshire Drive,325 East 7th Street,85301
2,Prof. Jerry Kreiger,JwcEpxa@yCBlfOq.net,+810148596723,3194 Bladensburg Road Northeast,8 Kozera Avenue,06040
3,King Ralph Buckridge,uGIljHa@MqaCwQi.org,+889273514610,2223 North Fernwood Court,689 Stableway Road,36116
4,King Ambrose Spencer,lsFVbKq@ALunoiM.edu,+738104591762,51185 Helmsman Street,201 West Montgomery Cross Road,99502
5,Lord Eriberto Schuppe,EKOemAn@BexQEyS.biz,+783947102651,82 Lookout Mountain Drive,12 Kane Road,37218
6,Dr. Arden Fahey,obMaDqA@rCmwyXj.net,+897146382510,207 Spruce Street,629 Debbie Drive,05462
7,King Sylvan Reichert,dSiSaeD@tUJEnVy.net,+898110736425,1537 Northwest 123rd Street,39 Cottage Street,36106
8,Mr. Roy Koelpin,igmLyxl@AjQkjjC.org,+836105847192,503 Orchard Road,11 North Vineyard Drive,73127
9,Mr. Gianni Shields,PdQxFXE@puDLUYr.biz,+779410625813,1609 Porter Avenue,2723 East Joyce Boulevard,05701
10,Prince Sigrid Schowalter,UlklweP@ycqWley.info,+827538461019,1328 Tuckerman Street Northwest,2927 Leatherwood Drive,72704
11,Dr. Jayde Jacobi,QOnZych@DaWCTUZ.com,+810364798215,5403 Illinois Avenue,5420 Sunset Avenue,94591
12,King Reynold Nikolaus,sJZNXIm@NDppyfQ.top,+893621781045,1840 Nobel Place,481 East Redbud Lane,20001
13,Lord Damon Ledner,AgUhsTm@rlIEBne.net,+710169347528,2034 Fairfax Road,3 Southerberry Drive,20032
14,King Lonzo Feil,ASNOaQm@ZFtgoJN.ru,+776895310124,26 Seaman Circle,14003 Crossbranch Court,32405
15,Prof. Juvenal Nikolaus,JfgpsMv@vBVBOEV.top,+892785103461,8142 Mallard Shore Drive,6095 Terry Lane,06042
16,Lord Ahmed Kuhic,vcpbXPW@RPhMLiX.net,+843110829765,18330 North 79th Avenue,227 West Montgomery Cross Road,01105
17,Mr. Dawson O'Reilly,GPAkkXR@vaQSnRl.top,+761082754193,1612 Beech Street,275 South 40th Street,32401
18,Prof. Verner Wolf,MxHexDZ@eGmyUiY.top,+794721083165,7564 Moore Court,1353 West 27th Avenue,31419
19,Mr. Marcus Crist,FyDlDTD@sLGBKSV.top,+747210153698,1900 West Virginia Avenue Northeast,2506 West Madison Street,94541
20,Mr. Micheal Wolff,jMmsDtB@lQLxXpP.info,+828367109541,19 Heritage,2335 Orchard View Lane,36117
21,King Waylon Bailey,UINqXKk@ceVQvTl.top,+772934811065,65 Jones Lane,1632 North Lunsford Avenue,80003
22,Prince Emiliano Pagac,nUXUDgV@uMLIREC.top,+834810276951,1656 Newton Street Northwest,2787 West Blackstone Crossing,94536
23,Prince Zackery Schroeder,OYtDlaS@vpLpwmY.ru,+816875249103,4500 Margalo Avenue,1909 Wainwright Avenue,95616
24,Mr. Kayleigh Marquardt,sJiYnxT@NnPPOgW.org,+818561027493,882 Plantation Way,2032 Gorgas Street,31406
25,Lord Rodolfo Dare,ODVDWFI@UNJAWqJ.org,+864511029873,3718 Bay Tree Road,3579 2nd Avenue,94545
26,Prince Presley Glover,EHbZpud@VopVQZk.info,+832195764810,310 12th Avenue,5102 Ander Drive,37212
27,Mr. Jaylin Effertz,JlCheSe@RuPaBFg.biz,+724319875610,7529 West 72nd Avenue,152 Holly Court,72703
28,Lord Murl Rolfson,WMRabSu@GHwCsDU.info,+810358679241,343 Daman Drive,12816 West 65th Way,21225
29,King Orion Ebert,YmoiiRR@uDLnZBB.org,+739218571046,2765 North Barcelona Avenue,1157 1st Street Northwest,37204
30,Lord Sanford Franecki,xtEYXiu@BlIRALB.ru,+847362819510,8700 Lillington Circle,4695 East Huntsville Road,21114
31,Dr. Deangelo Koch,ZYCtKHl@hMjgNep.com,+847105621839,1713 Arrow Cove Lane,7030 West Krall Street,40219
32,Prof. Donny Swift,eOmSKwY@nxeIXSb.ru,+841012986537,5821 Taft Street,425 Middle Turnpike East,20032
33,Prof. Domingo Nolan,kyCKtLC@AXjLHhm.net,+872105963148,8421 Thomas Drive,6244 Sun River Drive,94519
34,Mr. Donny Nolan,CsXDjYX@YrISXdm.info,+714629731058,33 Pond Avenue,22352 North 67th Drive,80004
35,King Justyn Lemke,uasGPOt@AisyOXt.com,+868954137102,80 Locust Avenue,2134 West Mills Drive,05846
36,Mr. Maxwell Schaefer,cQUqTjv@wxeRjpg.ru,+829178531064,5811 Crossings Boulevard,2506 West Madison Street,72730
37,King Felix Goodwin,OOmmKmq@ciKulho.edu,+883567914210,10826 Pointe Royal Drive,1987 Boxer Court,99508
38,Prof. Randal Schoen,cFIlZxH@NyjNNBO.net,+792341051678,3701 Lake Towne Drive,236 Alden Road,36105
39,King Nicklaus Cremin,pNIiyxQ@AZwiuBc.com,+751210347968,2506 West Madison Street,8700 Lillington Circle,01606
40,Dr. Pedro Rodriguez,kulZdTc@isKpfqS.biz,+848109123765,3959 Fairlands Drive,8219 Minor Lane,31415
41,Mr. Buck Wyman,dAUcvSL@vAhvfCf.top,+773491018526,1608 Gales Street Northeast,130 Carolina Cherry Circle,95961
42,Lord Arnulfo Bahringer,lgFWNon@lrCYoBy.info,+762514710389,1309 Columbia Road Northwest,226 Tranquility Lane,32408
43,Prince Garry Osinski,LAZsgBL@DNdfQIe.ru,+739578102416,584 Rural Hill Road,1838 Crofton Parkway,94709
44,King Dean Simonis,qmtvCli@iPGEaIb.org,+871456102938,3179 18th Street Northwest,6095 Terry Lane,37214
45,Prince Howard Wilkinson,fWiAsPL@bioFsiQ.biz,+842756310198,3228 Chettenham Drive,1217 Bay Street,37217
46,Dr. Louie Blanda,qgnFtwl@eTSBRCU.edu,+741769103285,1157 1st Street Northwest,8 Watkins Road,32413
47,Prof. Randal Zboncak,tTspnhT@AwixPrn.org,+772413610589,882 Plantation Way,643 Farragut Street Northwest,20003
48,Dr. Brett Kuvalis,mRLiAIN@iGprSCo.com,+827495810136,242 North Ash Street,4714 Narrow Lane Road,94587
49,Dr. Lesley Sanford,sGcaGIj@EWxFWWX.top,+851682741093,2577 Rhode Island Avenue Northeast,2347 Glen Eagle Drive,02346
50,Prof. Eric Jones,lNfHNSm@ruWNoNJ.biz,+861073152984,99 Pond Avenue,1243 Doris Avenue,37013
51,Mr. Sam Breitenberg,RqLsjMF@vGOJeqi.biz,+864181079532,3959 Fairlands Drive,1238 Roanwood Way,73034
52,Lord Uriah Schimmel,WDujOwk@cWKiOKM.info,+732698514710,6601 West Ocotillo Road,1452 55th Avenue,20032
53,Prince Jacques Rodriguez,SKypmjx@IwryKTC.edu,+810732541896,31130 Meadowbrook Avenue,6990 Pierson Street,85340
54,Prince King Douglas,iaaQQwd@DFMesTi.org,+817348965102,4600 East Huntsville Road,4696 Bull Run Road,21114
55,Dr. Gabe Hyatt,qgkcgst@SacCWTC.net,+810295814673,2902 Flint Street,6672 Urban Court,02472
56,Mr. Quinn Dicki,lrMGUGc@naQOgPm.top,+714273958610,4603 Grant Street Northeast,11 Rosewood Lane,99504
57,Mr. Fletcher Yundt,piFXhVg@iDVcZPt.biz,+893475810261,335 C Street Southeast,122 East Hayes Street,05468
58,Lord Jarrett Shanahan,bOtCnqB@fDBDFXH.com,+793628110574,195 Nursery Street,6214 Herzog Street,94550
59,Prince Bell Gulgowski,AMRuSWL@rwBByCh.ru,+710536847129,412 Virginia Avenue,17722 North 79th Avenue,20020
60,King Beau Schroeder,ItdymSQ@VOYYKxD.top,+769711083425,12870 Old Seward Highway,1427 South Carolina Avenue Southeast,37218
61,Prince Michel Zulauf,avDdYkk@GTJRdmy.top,+746391510287,203 East Gwinnett Street,565 North Lakeshore Drive,94704
62,King Noble Howe,GelxHMG@fUiJeiB.edu,+723479181056,3500 15th Street Northeast,8529 Old Harding Lane,85308
63,Dr. Verner West,aNKKdHy@wqvHxVv.ru,+843511072698,37675 Fremont Boulevard,6721 Boundary Run,21114
64,Mr. Rogelio Von,MFdJOEF@KnJiabs.net,+742167381059,8 Village Circle,429 Dennison Ridge Drive,73012
65,King Isai Barton,sfVFaHg@oWOkUEq.net,+732194856710,19590 East Batavia Drive,6483 West 76th Avenue,31404
66,Dr. Ethel Quigley,nckFNxV@lfpfDcE.info,+754673110982,1234 Carmel Street,4 Cutting Avenue,85308
67,Prof. Armando Frami,cdZPARL@ByncsrT.net,+793421105678,11843 North 60th Avenue,8358 WB&A Road,21144
68,Mr. Myron Predovic,kyqYsWX@VjgRYlt.top,+751964810723,20375 Wisteria Street,814 South Pickard Avenue,80003
69,King Solon Jaskolski,agkiAWa@CRQBguV.com,+764810759312,3616 Echo Lane,302 East Granada Street,85308
70,Prof. Percy Wunsch,iSRWcOU@bFVSMVI.com,+761053129487,2414 Parker Street,6228 West Larkspur Drive,80005
71,Mr. Jeffrey Hartmann,yDGLPvl@NAfWrvQ.net,+716425910783,1222 Arcade Boulevard,8142 Mallard Shore Drive,20032
72,Lord Jeffery Bechtelar,ZNhGCZn@LfpfVIY.org,+782610197435,7401 North 61st Drive,1353 West 27th Avenue,94545
73,King Adolphus Weimann,KdEWKQD@SqCBUyQ.edu,+721479358106,1901 North Midwest Boulevard,124 Crane Street,85303
74,Mr. Rolando Torp,pVSJCZo@VdbUSeZ.top,+774610581932,6657 West Rose Garden Lane,260 Rio Del Mar Boulevard,80004
75,Prince Guiseppe Cummings,jZdXgpk@JthiwrP.edu,+778296413105,6713 Holt Road,78 School Street,36052
76,King Gianni Nitzsche,IyNGRKc@OkgoDYk.net,+887653101429,2222 Martin Luther King Junior Boulevard,10 Dalry Lane,31404
77,Mr. Eric Runolfsson,FhyGbnS@hBgreTT.top,+891248567310,915 Sacramento Street,335 C Street Southeast,85301
78,Mr. Allan Quigley,RyjWsVF@oVfrvOB.ru,+861342958107,8546 North 59th Lane,203 East Gwinnett Street,37211
79,King Peyton Hettinger,UhyLqSc@uvITaKP.biz,+816810543972,6816 West 84th Circle,203 East Gwinnett Street,93311
80,Dr. Amos Berge,FtVOhLf@NUSrARh.top,+831027594861,3147 West Old Farmington Road,1407 Walden Court,85308
81,King Nils Rice,wFhCMnX@krOboYD.net,+858476103912,8496 Isles Court,1405 Monroe Street Northeast,36116
82,Prince Rosendo Bode,obktvwO@MwbhnyK.org,+865917841023,2 Cockle Shell Road,6505 South Lagoon Drive,85301
83,Prof. Ephraim Schmidt,HYXiNDp@rcDlgrG.biz,+839687105142,2807 Huxley Place,100 East Joyce Boulevard,92869
84,Prince Gaetano Lynch,NHaGjnc@DprgXau.edu,+823641018957,33 Linscott Road,122 Summer Street,40205
85,Prince Sherwood Brakus,ZxvOoiw@diImgsV.info,+764791510382,5601 West Missouri Avenue,2716 30th Street Southeast,36110
86,Prince Schuyler Ward,lfGTvni@SvQqIYD.info,+813746210895,122 Summer Street,8142 Mallard Shore Drive,20751
87,Mr. Jettie Heller,iDxftkX@fVCiluH.info,+875106491328,18330 North 79th Avenue,3616 Echo Lane,73139
88,Prince Harvey Rohan,MZVoOCP@oeUdHay.biz,+741385296107,8 Kozera Avenue,125 13th Street Northeast,06040
89,Dr. Haley Parker,wWDKpLy@vPcWuwW.org,+810354617298,7804 Abercorn Street,12460 West Solano Drive,02053
90,King Raymundo Batz,YXNjwTY@wFVLIdE.org,+774110358692,200 Edson Road,553 South Arlington Road,37203
91,Lord Muhammad Stoltenberg,PwSXYDk@VJaYsqo.net,+781362971045,412 West Ila Street,4136 East Virginia Lane,94610
92,King Devyn Swaniawski,MfrIAFG@vjlgxvj.ru,+854971012683,1644 Queenstown Road,3959 Fairlands Drive,94550
93,Prince Gregg Swaniawski,XeaAvTx@oVfhjWe.edu,+751106324879,6725 Pamela Court,14003 Crossbranch Court,85306
94,Mr. Marley Heller,sPlCHjs@quBolmp.org,+810652184379,1842 West Park Place,4 Village Lake Drive,80003
95,Mr. Arnulfo Sporer,ORBinNw@ikcAZoC.org,+851037142869,2276 West Woodley Square,137 Gazebo East Drive,85308
96,Dr. Rowland Carter,furUUWM@KTJBgoL.edu,+845136792810,5906 Milton Avenue,227 West Montgomery Cross Road,36104
97,Lord Kelvin Welch,MdKAUdF@OaRqqhK.ru,+878164921035,1208 Lindenwood Drive,1011 Bell Avenue,73401
98,Dr. Emery Mraz,GBDOqxe@QSjwNmp.edu,+763587104192,5754 Belleau Drive,2936 State Avenue,37218
99,Dr. Delaney Larson,YanMBEs@VfHuyUS.org,+857610812394,2034 Fairfax Road,410 West 89th Avenue,01921
100,Prof. Vaughn Kiehn,fCVNrqB@sgBsMoY.ru,+821041796853,15254 North 52nd Avenue,232 Maine Avenue,20032
